Id,Marque,modele,prix_achat,prix_vente,quantite,Date_sortie,status
2,Audi,A4,18000,23000,0,2013,Indisponible
3,Mercedes,G600,17000,22000,2,2014,Critique
4,Audi,A6,21000,27000,12,2015,Disponible
5,Mercedes,A3,16000,21000,3,2016,Disponible
6,Audi,R8,20000,26000,10,2017,Vendu
7,Mercedes,c200d,16000,21000,3,2018,Disponible
8,Audi,RS6,17000,22000,6,2019,Disponible
9,Mercedes,SLS,21000,27000,12,2020,Disponible
12,Toyota,Corolla,15000,18000,10,2023,Disponible
13,Honda,Civic,16000,19000,8,2023,Disponible
14,Ford,Focus,14000,17000,5,2023,Disponible
15,Nissan,Sentra,15500,18500,12,2023,Disponible
16,Chevrolet,Cruze,14500,17500,6,2023,Disponible
17,BMW,3 Series,25000,28000,4,2023,Disponible
18,Mercedes,C-Class,27000,30000,3,2023,Critique
20,Volkswagen,Golf,18000,21000,7,2023,Disponible
21,Tesla,Model 3,35000,38000,0,2023,Indisponible
26,Dacia,Brabus,10,12,100,2010,Disponible
27,Dacia,Brabus,10,12,100,2010,Disponible
